"","BioInf_Sample","Sample_name","SPECIMEN.CODE","COLLECTOR.NUMBER","SPECIES","Site","state","epithet","INDEX","Specimen.CODE","collectionNumber","Alt_Coll_No","LABEL_Species_author","Cleaned_NAMES-USE-THIS","Genus","Species_ept","collectionDate","collectors","Material.type","Received.by.MOR","country","state/province","substate","substateRank","site","habitat","associates","elevation","determinationOriginal","latitude.orig","longitude.orig","datum","Altitude","photos","Collecting_Extracting.notes","Project","voucher1","voucher2","voucher3","otherVouchers","Mira.used.for:","Wild_Arb_GH_Collected","country-georef","state_province_georef","County_georef","City_georef","EXTRACTION.LABELING"
"QUE001804","S001","OAK.MOR.001238","QUE001804","IA-MG-261","Quercus macrocarpa Michx.","Ames","IA","macrocarpa",1804,"QUE001804","IA-MG-261",NA,"Quercus macrocarpa Michx.",NA,"Quercus","macrocarpa",42900,"Mira Garner, Sara Desmond, Douglas McNew","fresh, frozen",NA,"USA","Iowa","Story","County","Ames, Veenker Memorial Golf Course
(ISU)","edge of woods",NA,NA,"Quercus macrocarpa Michx.","42.042110000000001","-93.606189999999998",NA,NA,NA,NA,"Characterization of Native Oak Germplasm, Quercus macrocarpa and related white oaks. USDA SCA 58-8020-5-005","MOR-unmounted",NA,NA,NA,"DNA Barcoding","wild",NA,NA,NA,NA,"Quercus macrocarpa Michx., SPMCODE: QUE001804, collection#: IA-MG-261"
"QUE001805","S002","OAK.MOR.001239","QUE001805","IA-MG-262","Quercus alba L.","Ames","IA","alba",1805,"QUE001805","IA-MG-262",NA,"Quercus alba L.",NA,"Quercus","alba",42900,"Mira Garner, Sara Desmond, Douglas McNew","fresh, frozen",NA,"USA","Iowa","Story","County","Ames, Veenker Memorial Golf Course
(ISU)","edge of woods",NA,NA,"Quercus alba L.","42.042070000000002","-93.605729999999994",NA,NA,NA,NA,"Characterization of Native Oak Germplasm, Quercus macrocarpa and related white oaks. USDA SCA 58-8020-5-005","MOR-unmounted",NA,NA,NA,"DNA Barcoding","wild",NA,NA,NA,NA,"Quercus alba L., SPMCODE: QUE001805, collection#: IA-MG-262"
"QUE001813","S003","OAK.MOR.001240","QUE001813","IA-MG-268","Quercus bicolor Willd.","Bonaparte, IA","IA","bicolor",1813,"QUE001813","IA-MG-268",NA,"Quercus bicolor Willd.",NA,"Quercus","bicolor",42900,"Mira Garner, Sara Desmond","fresh, frozen",NA,"USA","Iowa","Van Buren","County","Bonaparte, Lindsay Wilderness",NA,NA,NA,"Quercus bicolor Willd.",NA,NA,NA,NA,NA,"GPS coordinates (42.04697, -93.61335) better match previous site (golfcourse)","Characterization of Native Oak Germplasm, Quercus macrocarpa and related white oaks. USDA SCA 58-8020-5-005","MOR-unmounted",NA,NA,NA,"DNA Barcoding","wild",NA,NA,NA,NA,"Quercus bicolor Willd., SPMCODE: QUE001813, collection#: IA-MG-268"
"QUE001814","S004","OAK.MOR.001241","QUE001814","IA-MG-269","Quercus macrocarpa Michx.","Bonaparte, IA","IA","macrocarpa",1814,"QUE001814","IA-MG-269",NA,"Quercus macrocarpa Michx.",NA,"Quercus","macrocarpa",42900,"Mira Garner, Sara Desmond","fresh, frozen",NA,"USA","Iowa","Van Buren","County","Bonaparte, Lindsay Wilderness",NA,NA,NA,"Quercus macrocarpa Michx.","40.705599999999997","-91.794160000000005",NA,NA,NA,NA,"Characterization of Native Oak Germplasm, Quercus macrocarpa and related white oaks. USDA SCA 58-8020-5-005","MOR-unmounted",NA,NA,NA,"DNA Barcoding","wild",NA,NA,NA,NA,"Quercus macrocarpa Michx., SPMCODE: QUE001814, collection#: IA-MG-269"
"QUE001815","S005","OAK.MOR.001242","QUE001815","IA-MG-270","Quercus alba L.","Bonaparte, IA","IA","alba",1815,"QUE001815","IA-MG-270",NA,"Quercus alba L.",NA,"Quercus","alba",42900,"Mira Garner, Sara Desmond","fresh, frozen",NA,"USA","Iowa","Van Buren","County","Bonaparte, Lindsay Wilderness",NA,NA,NA,"Quercus alba L.","40.706249999999997","-91.79392",NA,NA,NA,NA,"Characterization of Native Oak Germplasm, Quercus macrocarpa and related white oaks. USDA SCA 58-8020-5-005","MOR-unmounted",NA,NA,NA,"DNA Barcoding","wild",NA,NA,NA,NA,"Quercus alba L., SPMCODE: QUE001815, collection#: IA-MG-270"
"QUE001819","S006","OAK.MOR.001243","QUE001819","IA-MG-274","Quercus muehlenbergii Engelm.","Bonaparte, IA","IA","muehlenbergii",1819,"QUE001819","IA-MG-274",NA,"Quercus muehlenbergii Engelm.",NA,"Quercus","muehlenbergii",42900,"Mira Garner, Sara Desmond","fresh, frozen",NA,"USA","Iowa","Van Buren","County","Bonaparte, Lindsay Wilderness",NA,NA,NA,"Quercus muehlenbergii Engelm.","40.704810000000002","-91.79589",NA,NA,NA,NA,"Characterization of Native Oak Germplasm, Quercus macrocarpa and related white oaks. USDA SCA 58-8020-5-005","MOR-unmounted",NA,NA,NA,"DNA Barcoding","wild",NA,NA,NA,NA,"Quercus muehlenbergii Engelm., SPMCODE: QUE001819, collection#: IA-MG-274"
"QUE001841","S007","OAK.MOR.001246","QUE001841","MO-MG327","Quercus alba L.","Ha Ha Tonka State Park","MO","alba",1841,"QUE001841","MO-MG327",NA,"Quercus alba L.",NA,"Quercus","alba",42905,"Mira Garner, Sara Desmond","fresh, frozen",NA,"USA","Missouri","Camden","County","Ha Ha Tonka State Park","Oak Savanna","Quercus alba, Q. muehlenbergii, Q. stellata","861","Quercus alba L.","37.97316","-92.762270000000001",NA,"861 ft",NA,NA,"Characterization of Native Oak Germplasm, Quercus macrocarpa and related white oaks. USDA SCA 58-8020-5-005","MOR-unmounted",NA,NA,NA,"DNA Barcoding","wild",NA,NA,NA,NA,"Quercus alba L., SPMCODE: QUE001841, collection#: MO-MG327"
"QUE001862","S008","OAK.MOR.001247","QUE001862","OK-MG281","Quercus stellata Wangenh.","Tallgrass Prairie Preserve","OK","stellata",1862,"QUE001862","OK-MG281",NA,"Quercus stellata Wangenh.",NA,"Quercus","stellata",42906,"Mira Garner, Sara Desmond","fresh, frozen",NA,"USA","Oklahoma","Osage","County","Pawhuska, Tallgrass Prairie Preserve","Oak grove in prairie",NA,"1126","Quercus stellata Wangenh.","36.849139999999998","-96.415199999999999",NA,"1126 ft",NA,NA,"Characterization of Native Oak Germplasm, Quercus macrocarpa and related white oaks. USDA SCA 58-8020-5-005","MOR-unmounted",NA,NA,NA,"DNA Barcoding","wild",NA,NA,NA,NA,"Quercus stellata Wangenh., SPMCODE: QUE001862, collection#: OK-MG281"
"QUE001863","S009","OAK.MOR.001248","QUE001863","OK-MG282","Quercus macrocarpa Michx.","Tallgrass Prairie Preserve","OK","macrocarpa",1863,"QUE001863","OK-MG282",NA,"Quercus macrocarpa Michx.",NA,"Quercus","macrocarpa",42906,"Mira Garner, Sara Desmond","fresh, frozen",NA,"USA","Oklahoma","Osage","County","Pawhuska, Tallgrass Prairie Preserve","Open prairie on edge of woods",NA,"1030","Quercus macrocarpa Michx.","36.845039999999997","-96.425259999999994",NA,"1030 ft",NA,NA,"Characterization of Native Oak Germplasm, Quercus macrocarpa and related white oaks. USDA SCA 58-8020-5-005","MOR-unmounted",NA,NA,NA,"DNA Barcoding","wild",NA,NA,NA,NA,"Quercus macrocarpa Michx., SPMCODE: QUE001863, collection#: OK-MG282"
"QUE001893","S010","OAK.MOR.001249","QUE001893","OK-MG362","Quercus muehlenbergii Engelm.","Red Rock Canyon State Park","OK","muehlenbergii",1893,"QUE001893","OK-MG362",NA,"Quercus muehlenbergii Engelm.",NA,"Quercus","muehlenbergii",42907,"Mira Garner, Sara Desmond","fresh, frozen",NA,"USA","Oklahoma","Caddo","County","Hinton, Red Rock Canyon State Park","roadside",NA,"1509","Quercus muehlenbergii Engelm.","35.448090000000001","-98.353470000000002",NA,"1509 ft",NA,NA,"Characterization of Native Oak Germplasm, Quercus macrocarpa and related white oaks. USDA SCA 58-8020-5-005","MOR-unmounted",NA,NA,NA,"DNA Barcoding","wild",NA,NA,NA,NA,"Quercus muehlenbergii Engelm., SPMCODE: QUE001893, collection#: OK-MG362"
"QUE001894","S011","OAK.MOR.001250","QUE001894","OK-MG363","Quercus macrocarpa Michx.","Red Rock Canyon State Park","OK","macrocarpa",1894,"QUE001894","OK-MG363",NA,"Quercus macrocarpa Michx.",NA,"Quercus","macrocarpa",42907,"Mira Garner, Sara Desmond","fresh, frozen",NA,"USA","Oklahoma","Caddo","County","Hinton, Red Rock Canyon State Park","woody edge of picnic area",NA,"1501","Quercus macrocarpa Michx.","35.443759999999997","-98.354510000000005",NA,"1501 ft",NA,NA,"Characterization of Native Oak Germplasm, Quercus macrocarpa and related white oaks. USDA SCA 58-8020-5-005","MOR-unmounted",NA,NA,NA,"DNA Barcoding","wild",NA,NA,NA,NA,"Quercus macrocarpa Michx., SPMCODE: QUE001894, collection#: OK-MG363"
"QUE001783","S012","OAK.MOR.001257","QUE001783","IA-MG-239","Quercus macrocarpa Michx.","Cedar Rapids","IA","macrocarpa",1783,"QUE001783","IA-MG-239",NA,"Quercus macrocarpa Michx.",NA,"Quercus","macrocarpa",42899,"Mira Garner, Sara Desmond","fresh, frozen",NA,"USA","Iowa","Linn","County","Cedar Rapids, Cherokee Park","Park, trees in mowed grass",NA,NA,"Quercus macrocarpa Michx.","41.973599999999998","-91.7239",NA,NA,NA,NA,"Characterization of Native Oak Germplasm, Quercus macrocarpa and related white oaks. USDA SCA 58-8020-5-005","MOR-unmounted",NA,NA,NA,"DNA Barcoding","wild",NA,NA,NA,NA,"Quercus macrocarpa Michx., SPMCODE: QUE001783, collection#: IA-MG-239"
"QUE001880","S013","OAK.MOR.001258","QUE001880","OK-MG349","Quercus macrocarpa Michx.","Tulsa","OK","macrocarpa",1880,"QUE001880","OK-MG349",NA,"Quercus macrocarpa Michx.",NA,"Quercus","macrocarpa",42906,"Mira Garner, Sara Desmond","fresh, frozen",NA,"USA","Oklahoma","Tulsa","County","Tulsa, Mohawk Park","mowed park",NA,"613","Quercus macrocarpa Michx.","36.220399999999998","-95.898449999999997",NA,"613 ft",NA,NA,"Characterization of Native Oak Germplasm, Quercus macrocarpa and related white oaks. USDA SCA 58-8020-5-005","MOR-unmounted",NA,NA,NA,"DNA Barcoding","wild",NA,NA,NA,NA,"Quercus macrocarpa Michx., SPMCODE: QUE001880, collection#: OK-MG349"
"QUE001884","S014","OAK.MOR.001259","QUE001884","OK-MG353","Quercus alba L.","Tulsa","OK","alba",1884,"QUE001884","OK-MG353",NA,"Quercus alba L.",NA,"Quercus","alba",42906,"Mira Garner, Sara Desmond","fresh, frozen",NA,"USA","Oklahoma","Tulsa","County","Tulsa, Mohawk Park","mowed park",NA,"614","Quercus alba L.","36.218130000000002","-95.899979999999999",NA,"614 ft",NA,NA,"Characterization of Native Oak Germplasm, Quercus macrocarpa and related white oaks. USDA SCA 58-8020-5-005","MOR-unmounted",NA,NA,NA,"DNA Barcoding","wild",NA,NA,NA,NA,"Quercus alba L., SPMCODE: QUE001884, collection#: OK-MG353"
"QUE001907","S015","OAK.MOR.001260","QUE001907","OK-MG376","Quercus macrocarpa Michx.","Norman","OK","macrocarpa",1907,"QUE001907","OK-MG376",NA,"Quercus macrocarpa Michx.",NA,"Quercus","macrocarpa",42907,"Mira Garner, Sara Desmond, Abigail Moore","fresh, frozen",NA,"USA","Oklahoma","Cleveland","County","Norman, Oliver's Woods, University of Oklahoma campus","woods",NA,"1210","Quercus macrocarpa Michx.","35.176879999999997","-97.449700000000007",NA,"1210 ft",NA,NA,"Characterization of Native Oak Germplasm, Quercus macrocarpa and related white oaks. USDA SCA 58-8020-5-005","MOR-unmounted",NA,NA,NA,"DNA Barcoding","wild",NA,NA,NA,NA,"Quercus macrocarpa Michx., SPMCODE: QUE001907, collection#: OK-MG376"
"QUE001937","S016","OAK.MOR.001261","QUE001937","MN-MG493","Quercus macrocarpa Michx.","Prairie Moon Nursery","MN","macrocarpa",1937,"QUE001937","MN-MG493",NA,"Quercus macrocarpa Michx.",NA,"Quercus","macrocarpa ",42919,"Mira Garner, Sara Desmond, Bill Carter","fresh, frozen",NA,"USA","Minnesota","Winona","County","Winona, Prairie Moon Nursery, Wiscoy Co-op, in woods near side of path","woods",NA,"1122","Quercus macrocarpa Michx.","43.902920000000002","-91.639960000000002",NA,"1122 ft",NA,NA,"Characterization of Native Oak Germplasm, Quercus macrocarpa and related white oaks. USDA SCA 58-8020-5-005","MOR-unmounted",NA,NA,NA,"DNA Barcoding","wild",NA,NA,NA,NA,"Quercus macrocarpa Michx., SPMCODE: QUE001937, collection#: MN-MG493"
"QUE001982","S017","OAK.MOR.001265","QUE001982","WI-MG538","Quercus macrocarpa Michx.","Wisconsin","WI","macrocarpa",1982,"QUE001982","WI-MG538",NA,"Quercus macrocarpa Michx.",NA,"Quercus","macrocarpa ",42925,"Mira Garner, Sara Desmond","fresh, frozen",NA,"USA","Wisconsin","Sawyer","County","Round Lake, Chequamegon-Nicolet National Forest","Roadside","Woods dominated by Acer and red oak","1522","Quercus macrocarpa Michx.","46.0259","-91.142880000000005",NA,"1522 ft",NA,NA,"Characterization of Native Oak Germplasm, Quercus macrocarpa and related white oaks. USDA SCA 58-8020-5-005","MOR-unmounted",NA,NA,NA,"DNA Barcoding","wild",NA,NA,NA,NA,"Quercus macrocarpa Michx., SPMCODE: QUE001982, collection#: WI-MG538"
"QUE002057","S018","OAK.MOR.001266","QUE002057","Minooka 2","Quercus macrocarpa Michx.","Kansas","KS","macrocarpa",2057,"QUE002057","Minooka 2",NA,"Quercus macrocarpa Michx.",NA,"Quercus","macrocarpa",NA,"Ian Pearse","fresh, frozen","42948","USA","Kansas","Russell","County","Minooka Park Recreation Area","Riparian area near large resevoir","Cottonwood, willow",NA,"Quercus macrocarpa Michx.","38.963585999999999","-98.589060000000003",NA,NA,NA,NA,"Characterization of Native Oak Germplasm, Quercus macrocarpa and related white oaks. USDA SCA 58-8020-5-005",NA,NA,NA,NA,"DNA Barcoding","wild",NA,NA,NA,NA,"Quercus macrocarpa Michx., SPMCODE: QUE002057, collection#: Minooka 2"
"QUE002074","S019","OAK.MOR.001267","QUE002074","Chickenbristle 3","Quercus macrocarpa Michx.","Illinois","IL","macrocarpa",2074,"QUE002074","Chickenbristle 3",NA,"Quercus macrocarpa Michx.",NA,"Quercus","macrocarpa",NA,"Ian Pearse","fresh, frozen","42948","USA","Illinois","Douglas","County","Property of Bob Pearse","Mixed mesic and riparian vegetation along Kaskaskia river with oak-hickory savannas in grazed or mowed meadows.",NA,NA,"Quercus macrocarpa Michx.","39.839311000000002","-88.367744999999999",NA,NA,NA,NA,"Characterization of Native Oak Germplasm, Quercus macrocarpa and related white oaks. USDA SCA 58-8020-5-005",NA,NA,NA,NA,"DNA Barcoding","wild",NA,NA,NA,NA,"Quercus macrocarpa Michx., SPMCODE: QUE002074, collection#: Chickenbristle 3"
"QUE002075","S020","OAK.MOR.001268","QUE002075","Chickenbristle 4","Quercus alba L. ?","Illinois","IL","alba",2075,"QUE002075","Chickenbristle 4",NA,"Quercus alba??",NA,"Quercus","alba",NA,"Ian Pearse","fresh, frozen","42948","USA","Illinois","Douglas","County","Property of Bob Pearse","Mixed mesic and riparian vegetation along Kaskaskia river with oak-hickory savannas in grazed or mowed meadows.",NA,NA,"Quercus alba L. ?","39.839311000000002","-88.367744999999999",NA,NA,NA,NA,"Characterization of Native Oak Germplasm, Quercus macrocarpa and related white oaks. USDA SCA 58-8020-5-005",NA,NA,NA,NA,"DNA Barcoding","wild",NA,NA,NA,NA,"Quercus alba??, SPMCODE: QUE002075, collection#: Chickenbristle 4"
"QUE002081","S021","OAK.MOR.001269","QUE002081","IL-MG602","Quercus stellata Wangenh. ?","Illinois","IL","stellata",2081,"QUE002081","IL-MG602",NA,"Quercus stellata Wangenh. ?","macrocarpa","Quercus","macrocarpa",42941,"Mira Garner, Sara Desmond","fresh, frozen","42943","USA","Illinois","Jackson","County","Oakwood Bottoms, Shawnee National Forest, Along State Rd 3",NA,NA,"392","Quercus stellata Wangenh.","37.514919999999996","-89.444500000000005",NA,"392 ft",NA,NA,"Characterization of Native Oak Germplasm, Quercus macrocarpa and related white oaks. USDA SCA 58-8020-5-005","MOR-unmounted",NA,NA,NA,"DNA Barcoding","wild",NA,NA,NA,NA,"Quercus stellata Wangenh. ?, SPMCODE: QUE002081, collection#: IL-MG602"
"QUE002082","S022","OAK.MOR.001270","QUE002082","IL-MG603","Quercus macrocarpa Michx.","Illinois","IL","macrocarpa",2082,"QUE002082","IL-MG603",NA,"Quercus macrocarpa Michx.",NA,"Quercus","macrocarpa",42941,"Mira Garner, Sara Desmond","fresh, frozen","42943","USA","Illinois","Jackson","County","Oakwood Bottoms, Shawnee National Forest, Along State Rd 3",NA,NA,"388","Quercus macrocarpa Michx.","37.516390000000001","-89.445350000000005",NA,"388 ft",NA,NA,"Characterization of Native Oak Germplasm, Quercus macrocarpa and related white oaks. USDA SCA 58-8020-5-005","MOR-unmounted",NA,NA,NA,"DNA Barcoding","wild",NA,NA,NA,NA,"Quercus macrocarpa Michx., SPMCODE: QUE002082, collection#: IL-MG603"
"QUE002085","S023","OAK.MOR.001271","QUE002085","IN-MG606","Quercus macrocarpa Michx.","Indiana","IN","macrocarpa",2085,"QUE002085","IN-MG606",NA,"Quercus macrocarpa Michx.",NA,"Quercus","macrocarpa",42942,"Mira Garner, Sara Desmond","fresh, frozen","42943","USA","Indiana","Lawrence","County","Spring Mill State Park, Near trail/lake",NA,"Hickory, Quercus bicolor, Tulip Tree","550","Quercus macrocarpa Michx.","38.736199999999997","-86.412570000000002",NA,"550ft",NA,NA,"Characterization of Native Oak Germplasm, Quercus macrocarpa and related white oaks. USDA SCA 58-8020-5-005","MOR-unmounted",NA,NA,NA,"DNA Barcoding","wild",NA,NA,NA,NA,"Quercus macrocarpa Michx., SPMCODE: QUE002085, collection#: IN-MG606"
"QUE002086","S024","OAK.MOR.001272","QUE002086","IN-MG607","Quercus bicolor Willd.","Indiana","IN","bicolor",2086,"QUE002086","IN-MG607",NA,"Quercus bicolor Willd.","muehlenbergii","Quercus","muehlenbergii",42942,"Mira Garner, Sara Desmond","fresh, frozen","42943","USA","Indiana","Lawrence","County","Spring Mill State Park, Trail 5","Along lake","Hickory, Quercus bicolor, Tulip Tree","550","Quercus bicolor Willd.","38.736249999999998","-86.412450000000007",NA,"550 ft",NA,NA,"Characterization of Native Oak Germplasm, Quercus macrocarpa and related white oaks. USDA SCA 58-8020-5-005","MOR-unmounted",NA,NA,NA,"DNA Barcoding","wild",NA,NA,NA,NA,"Quercus bicolor Willd., SPMCODE: QUE002086, collection#: IN-MG607"
"QUE002091","S025","OAK.MOR.001273","QUE002091","IN-MG612","Quercus alba L.","Indiana","IN","alba",2091,"QUE002091","IN-MG612",NA,"Quercus alba L.",NA,"Quercus","alba",42942,"Mira Garner, Sara Desmond","fresh, frozen","42943","USA","Indiana","Lawrence","County","Spring Mill State Park, Trail 5",NA,"Hickory, Quercus bicolor, Tulip Tree","519","Quercus alba L.","38.736310000000003","-86.414339999999996",NA,"519 ft",NA,NA,"Characterization of Native Oak Germplasm, Quercus macrocarpa and related white oaks. USDA SCA 58-8020-5-005","MOR-unmounted",NA,NA,NA,"DNA Barcoding","wild",NA,NA,NA,NA,"Quercus alba L., SPMCODE: QUE002091, collection#: IN-MG612"
"QUE002098","S026","OAK.MOR.001274","QUE002098","IN-MG619","Quercus bicolor Willd.","Indiana","IN","bicolor",2098,"QUE002098","IN-MG619",NA,"Quercus bicolor Willd.",NA,"Quercus","bicolor",42942,"Mira Garner, Sara Desmond","fresh, frozen","42943","USA","Indiana","Lawrence","County","Spring Mill State Park, Roadside near Nature Center","Roadside","Hickory, Quercus bicolor, Tulip Tree","538","Quercus bicolor Willd.","38.737430000000003","-86.412629999999993",NA,"538 ft",NA,NA,"Characterization of Native Oak Germplasm, Quercus macrocarpa and related white oaks. USDA SCA 58-8020-5-005","MOR-unmounted",NA,NA,NA,"DNA Barcoding","wild",NA,NA,NA,NA,"Quercus bicolor Willd., SPMCODE: QUE002098, collection#: IN-MG619"
"QUE002101","S027","OAK.MOR.001275","QUE002101","IN-MG622","Quercus bicolor Willd.","Indiana","IN","bicolor",2101,"QUE002101","IN-MG622",NA,"Quercus bicolor Willd.","muehlenbergii","Quercus","muehlenbergii",42943,"Mira Garner, Sara Desmond","fresh, frozen","42943","USA","Indiana","Grant","County","Taylor Wilderness, Taylor University, Off Eighth Street","Open woods, edge of woods",NA,"920","Quercus bicolor Willd.","40.458919999999999","-85.503829999999994",NA,"920 ft",NA,NA,"Characterization of Native Oak Germplasm, Quercus macrocarpa and related white oaks. USDA SCA 58-8020-5-005","MOR-unmounted",NA,NA,NA,"DNA Barcoding","wild",NA,NA,NA,NA,"Quercus bicolor Willd., SPMCODE: QUE002101, collection#: IN-MG622"
"QUE002102","S028","OAK.MOR.001276","QUE002102","IN-MG623","Quercus macrocarpa Michx.","Indiana","IN","macrocarpa",2102,"QUE002102","IN-MG623",NA,"Quercus macrocarpa Michx.",NA,"Quercus","macrocarpa",42943,"Mira Garner, Sara Desmond","fresh, frozen","42943","USA","Indiana","Grant","County","Taylor Wilderness, Taylor University","Open woods, edge of woods",NA,"950","Quercus macrocarpa Michx.","40.459049999999998","-85.504109999999997",NA,"950 ft",NA,NA,"Characterization of Native Oak Germplasm, Quercus macrocarpa and related white oaks. USDA SCA 58-8020-5-005","MOR-unmounted",NA,NA,NA,"DNA Barcoding","wild",NA,NA,NA,NA,"Quercus macrocarpa Michx., SPMCODE: QUE002102, collection#: IN-MG623"
"QUE002105","S029","OAK.MOR.001277","QUE002105","IN-MG626","Quercus bicolor Willd.","Indiana","IN","bicolor",2105,"QUE002105","IN-MG626",NA,"Quercus bicolor Willd.",NA,"Quercus","bicolor",42943,"Mira Garner, Sara Desmond","fresh, frozen","42943","USA","Indiana","Grant","County","Taylor Wilderness, Taylor University","Open woods, edge of woods",NA,"868","Quercus bicolor Willd.","40.459159999999997","-85.508070000000004",NA,"868 ft",NA,NA,"Characterization of Native Oak Germplasm, Quercus macrocarpa and related white oaks. USDA SCA 58-8020-5-005","MOR-unmounted",NA,NA,NA,"DNA Barcoding","wild",NA,NA,NA,NA,"Quercus bicolor Willd., SPMCODE: QUE002105, collection#: IN-MG626"
"QUE002108","S030","OAK.MOR.001278","QUE002108","IN-MG629","Quercus alba L.","Indiana","IN","alba",2108,"QUE002108","IN-MG629",NA,"Quercus alba L.",NA,"Quercus","alba",42943,"Mira Garner, Sara Desmond","fresh, frozen","42943","USA","Indiana","Grant","County","Taylor Wilderness, Taylor University","Open woods, edge of woods",NA,"907","Quercus alba L.","40.459110000000003","-85.509169999999997",NA,"907 ft",NA,NA,"Characterization of Native Oak Germplasm, Quercus macrocarpa and related white oaks. USDA SCA 58-8020-5-005","MOR-unmounted",NA,NA,NA,"DNA Barcoding","wild",NA,NA,NA,NA,"Quercus alba L., SPMCODE: QUE002108, collection#: IN-MG629"
"QUE002121","S031","OAK.MOR.001279","QUE002121","IN-MG642","Quercus alba L.","Indiana","IN","alba",2121,"QUE002121","IN-MG642",NA,"Quercus alba L.",NA,"Quercus","alba",42957,"Mira Garner, Kasey Pham","fresh, frozen","42957","USA","Indiana","Porter","County","Indiana Dunes State Park","Black oak forest, picnic area",NA,"628","Quercus alba L.","41.657380000000003","-87.060450000000003",NA,"628 ft",NA,NA,"Characterization of Native Oak Germplasm, Quercus macrocarpa and related white oaks. USDA SCA 58-8020-5-005","MOR-unmounted",NA,NA,NA,"DNA Barcoding, Fungal Endophytes","wild",NA,NA,NA,NA,"Quercus alba L., SPMCODE: QUE002121, collection#: IN-MG642"
"QUE002153","S032","OAK.MOR.001285","QUE002153","QUBI-1052","Quercus bicolor Willd.","Vermont","VT","bicolor",2153,"QUE002153","QUBI-1052",7499202,"Quercus bicolor Willd.",NA,"Quercus","bicolor",42961,"Paul Gugger","fresh, frozen","(tissue for DNA)8/16/2017; herbarium material: xxxx","USA","Vermont","Chittenden","County","1136 Bay Rd, Shelburne, VT, US",NA,NA,NA,NA,"44.400117459999997","-73.237527639999996",NA,NA,"https://www.inaturalist.org/observations/7499202",NA,"Characterization of Native Oak Germplasm, Quercus macrocarpa and related white oaks. USDA SCA 58-8020-5-005","to be mailed later",NA,NA,NA,"DNA Barcoding",NA,"USA","Vermont","Chittenden","Shelburne","Quercus bicolor Willd., SPMCODE: QUE002153, collection#: QUBI-1052"
"QUE002154","S033","OAK.MOR.001286","QUE002154","QUMAC-1053","Quercus macrocarpa Michx.","Vermont","VT","macrocarpa",2154,"QUE002154","QUMAC-1053",7499205,"Quercus macrocarpa Michx.",NA,"Quercus","macrocarpa",42961,"Paul Gugger","fresh, frozen","(tissue for DNA)8/16/2017; herbarium material: xxxx","USA","Vermont","Chittenden","County","Shelburne Bay, Shelburne, VT, US",NA,NA,NA,NA,"44.400681349999999","-73.237569629999996",NA,NA,"https://www.inaturalist.org/observations/7499205",NA,"Characterization of Native Oak Germplasm, Quercus macrocarpa and related white oaks. USDA SCA 58-8020-5-005","to be mailed later",NA,NA,NA,"DNA Barcoding",NA,"USA","Vermont","Chittenden","Shelburne","Quercus macrocarpa Michx., SPMCODE: QUE002154, collection#: QUMAC-1053"
"QUE002155","S034","OAK.MOR.001287","QUE002155","QUAL-1054","Quercus alba L.","Vermont","VT","alba",2155,"QUE002155","QUAL-1054",7499207,"Quercus alba L.",NA,"Quercus","alba",42961,"Paul Gugger","fresh, frozen","(tissue for DNA)8/16/2017; herbarium material: xxxx","USA","Vermont","Chittenden","County","1-225 Industrial Pkwy, Burlington, VT, US",NA,NA,NA,NA,"44.446394699999999","-73.220153800000006",NA,NA,"https://www.inaturalist.org/observations/7499207",NA,"Characterization of Native Oak Germplasm, Quercus macrocarpa and related white oaks. USDA SCA 58-8020-5-005","to be mailed later",NA,NA,NA,"DNA Barcoding",NA,"USA","Vermont","Chittenden","Burlington","Quercus alba L., SPMCODE: QUE002155, collection#: QUAL-1054"
"QUE002187","S035","OAK.MOR.001288","QUE002187","MO-MG563","Quercus alba L.","Missouri","MO","alba",2187,"QUE002187","MO-MG563",NA,"Quercus alba L.",NA,"Quercus","alba",42935,"Mira Garner, Lindsey Worcester","fresh, frozen","42937","USA","Missouri","St. Louis","County","Tyson Research Center, Eureka, MO","Upland oak-hickory forest",NA,"867","Quercus alba L.","38.510890000000003","-90.559870000000004",NA,"867 ft",NA,NA,"Characterization of Native Oak Germplasm, Quercus macrocarpa and related white oaks. USDA SCA 58-8020-5-005","MOR-unmounted","x","x","x","DNA Barcoding","wild",NA,NA,NA,NA,"Quercus alba L., SPMCODE: QUE002187, collection#: MO-MG563"
"QUE002188","S036","OAK.MOR.001289","QUE002188","MO-MG564","Quercus stellata Wangenh.","Missouri","MO","stellata",2188,"QUE002188","MO-MG564",NA,"Quercus stellata Wangenh.",NA,"Quercus","stellata",42935,"Mira Garner, Lindsey Worcester","fresh, frozen","42937","USA","Missouri","St. Louis","County","Tyson Research Center, Eureka, MO","Oak hickory forest, upland",NA,"835","Quercus stellata Wangenh.","38.51146","-90.559169999999995",NA,"835 ft",NA,NA,"Characterization of Native Oak Germplasm, Quercus macrocarpa and related white oaks. USDA SCA 58-8020-5-005","MOR-unmounted","x","x","x","DNA Barcoding","wild",NA,NA,NA,NA,"Quercus stellata Wangenh., SPMCODE: QUE002188, collection#: MO-MG564"
"QUE002189","S037","OAK.MOR.001290","QUE002189","MO-MG565","Quercus muehlenbergii Englm.","Missouri","MO","muehlenbergii",2189,"QUE002189","MO-MG565",NA,"Quercus muehlenbergii Englm.",NA,"Quercus","muehlenbergii",42935,"Mira Garner, Lindsey Worcester","fresh, frozen","42937","USA","Missouri","St. Louis","County","Tyson Research Center, Eureka, MO","Upland oak-hickory forest",NA,"843","Quercus muehlenbergii Engelm.","38.51135","-90.559209999999993",NA,"843 ft",NA,NA,"Characterization of Native Oak Germplasm, Quercus macrocarpa and related white oaks. USDA SCA 58-8020-5-005","MOR-unmounted","x","x","x","DNA Barcoding","wild",NA,NA,NA,NA,"Quercus muehlenbergii Englm., SPMCODE: QUE002189, collection#: MO-MG565"
"QUE002196","S038","OAK.MOR.001291","QUE002196","MO-MG572","Quercus bicolor Willd. ?","Missouri","MO","bicolor",2196,"QUE002196","MO-MG572",NA,"Quercus bicolor?",NA,"Quercus","bicolor",42936,"Mira Garner, Lindsey Worcester","fresh, frozen","42937","USA","Missouri","Crawford","County","Meramec State Park, Sullivan, MO, Campground",NA,NA,"627","Quercus bicolor","38.226669999999999","-91.08296",NA,"627 ft",NA,NA,"Characterization of Native Oak Germplasm, Quercus macrocarpa and related white oaks. USDA SCA 58-8020-5-005","MOR-unmounted","x","x","x","DNA Barcoding","wild",NA,NA,NA,NA,"Quercus bicolor?, SPMCODE: QUE002196, collection#: MO-MG572"
"QUE002208","S039","OAK.MOR.001292","QUE002208","MO-MG584","Quercus macrocarpa Michx.","Missouri","MO","macrocarpa",2208,"QUE002208","MO-MG584",NA,"Quercus macrocarpa Michx.",NA,"Quercus","macrocarpa ",42936,"Mira Garner, Lindsey Worcester","fresh, frozen","42937","USA","Missouri","Crawford","County","Meramec State Park, Sullivan, MO, Campground",NA,NA,"606","Quercus macrocarpa Michx.","38.228259999999999","-91.082380000000001",NA,"606 ft",NA,NA,"Characterization of Native Oak Germplasm, Quercus macrocarpa and related white oaks. USDA SCA 58-8020-5-005","MOR-unmounted","x","x","x","DNA Barcoding","wild",NA,NA,NA,NA,"Quercus macrocarpa Michx., SPMCODE: QUE002208, collection#: MO-MG584"
"QUE002209","S040","OAK.MOR.001293","QUE002209","MO-MG585","Quercus stellata Wangenh.","Missouri","MO","stellata",2209,"QUE002209","MO-MG585",NA,"Quercus stellata Wangenh.",NA,"Quercus","stellata",42936,"Mira Garner, Lindsey Worcester","fresh, frozen","42937","USA","Missouri","Crawford","County","Meramec State Park, Sullivan, MO","Roadside, upland",NA,"687","Quercus stellata Wangenh.","38.218130000000002","-91.083550000000002",NA,"687 ft",NA,NA,"Characterization of Native Oak Germplasm, Quercus macrocarpa and related white oaks. USDA SCA 58-8020-5-005","MOR-unmounted","x","x","x","DNA Barcoding","wild",NA,NA,NA,NA,"Quercus stellata Wangenh., SPMCODE: QUE002209, collection#: MO-MG585"
"QUE002210","S041","OAK.MOR.001294","QUE002210","MO-MG586","Quercus alba L.","Missouri","MO","alba",2210,"QUE002210","MO-MG586",NA,"Quercus alba L.",NA,"Quercus","alba",42936,"Mira Garner, Lindsey Worcester","fresh, frozen","42937","USA","Missouri","Crawford","County","Meramec State Park, Sullivan, MO","Roadside, upland",NA,"763","Quercus alba L.","38.217179999999999","-91.086359999999999",NA,"763 ft",NA,NA,"Characterization of Native Oak Germplasm, Quercus macrocarpa and related white oaks. USDA SCA 58-8020-5-005","MOR-unmounted","x","x","x","DNA Barcoding","wild",NA,NA,NA,NA,"Quercus alba L., SPMCODE: QUE002210, collection#: MO-MG586"
"QUE002219","S042","OAK.MOR.001295","QUE002219","MO-MG595","Quercus stellata Wangenh.","Missouri","MO","stellata",2219,"QUE002219","MO-MG595",NA,"Quercus stellata Wangenh.",NA,"Quercus","stellata",42936,"Mira Garner, Lindsey Worcester","fresh, frozen","42937","USA","Missouri","Crawford","County","Meramec State Park, Sullivan, MO, Deer Hollow Trail head","Upland",NA,"858","Quercus stellata Wangenh.","38.217860000000002","-91.092089999999999",NA,"858 ft",NA,NA,"Characterization of Native Oak Germplasm, Quercus macrocarpa and related white oaks. USDA SCA 58-8020-5-005","MOR-unmounted","x","x","x","DNA Barcoding","wild",NA,NA,NA,NA,"Quercus stellata Wangenh., SPMCODE: QUE002219, collection#: MO-MG595"
"QUE002247","S043","OAK.MOR.001296","QUE002247","KS-MG427","Quercus muehlenbergii Engelm.","Kansas","KS","muehlenbergii",2247,"QUE002247","KS-MG427",NA,"Quercus muehlenbergii Engelm.",NA,"Quercus","muehlenbergii",42914,"Mira Garner, Craig C. Freeman, Sara Desmond","fresh, frozen","42916","USA","Kansas","Johnson","County","Shawnee Mission Park","Woods",NA,"283","Quercus muehlenbergii Engelm.","38.978870000000001","-94.804950000000005",NA,"283 m",NA,NA,"Characterization of Native Oak Germplasm, Quercus macrocarpa and related white oaks. USDA SCA 58-8020-5-005","MOR-unmounted","x","x","x","DNA Barcoding","wild",NA,NA,NA,NA,"Quercus muehlenbergii Engelm., SPMCODE: QUE002247, collection#: KS-MG427"
"QUE002250","S044","OAK.MOR.001297","QUE002250","KS-MG430","Quercus muehlenbergii Engelm.","Kansas","KS","muehlenbergii",2250,"QUE002250","KS-MG430",NA,"Quercus muehlenbergii Engelm.",NA,"Quercus","muehlenbergii",42914,"Mira Garner, Craig C. Freeman, Sara Desmond","fresh, frozen","42916","USA","Kansas","Johnson","County","Shawnee Mission Park","Woods",NA,"279","Quercus muehlenbergii Engelm.","38.973939999999999","-94.805090000000007",NA,"279 m",NA,NA,"Characterization of Native Oak Germplasm, Quercus macrocarpa and related white oaks. USDA SCA 58-8020-5-005","MOR-unmounted","x","x","x","DNA Barcoding","wild",NA,NA,NA,NA,"Quercus muehlenbergii Engelm., SPMCODE: QUE002250, collection#: KS-MG430"
"QUE002251","S045","OAK.MOR.001298","QUE002251","KS-MG431","Quercus macrocarpa Michx.","Kansas","KS","macrocarpa",2251,"QUE002251","KS-MG431",NA,"Quercus macrocarpa Michx.",NA,"Quercus","macrocarpa",42914,"Mira Garner, Craig C. Freeman, Sara Desmond","fresh, frozen","42916","USA","Kansas","Johnson","County","Shawnee Mission Park","Path",NA,"278","Quercus macrocarpa Michx.","38.980069999999998","-94.805199999999999",NA,"278 m",NA,NA,"Characterization of Native Oak Germplasm, Quercus macrocarpa and related white oaks. USDA SCA 58-8020-5-005","MOR-unmounted","x","x","x","DNA Barcoding","wild",NA,NA,NA,NA,"Quercus macrocarpa Michx., SPMCODE: QUE002251, collection#: KS-MG431"
"QUE002252","S046","OAK.MOR.001299","QUE002252","KS-MG432","Quercus stellata Wangenh.","Kansas","KS","stellata",2252,"QUE002252","KS-MG432",NA,"Quercus stellata Wangenh.",NA,"Quercus","stellata",42914,"Mira Garner, Craig C. Freeman, Sara Desmond","fresh, frozen","42916","USA","Kansas","Johnson","County","Shawnee Mission Park","Woods",NA,"287","Quercus stellata Wangenh.","38.980139999999999","-94.805040000000005",NA,"287 m",NA,NA,"Characterization of Native Oak Germplasm, Quercus macrocarpa and related white oaks. USDA SCA 58-8020-5-005","MOR-unmounted","x","x","x","DNA Barcoding","wild",NA,NA,NA,NA,"Quercus stellata Wangenh., SPMCODE: QUE002252, collection#: KS-MG432"
"QUE002253","S047","OAK.MOR.001300","QUE002253","KS-MG433","Quercus alba L.","Kansas","KS","alba",2253,"QUE002253","KS-MG433",NA,"Quercus alba L.",NA,"Quercus","alba",42914,"Mira Garner, Craig C. Freeman, Sara Desmond","fresh, frozen","42916","USA","Kansas","Johnson","County","Shawnee Mission Park","Woods",NA,"280","Quercus alba L.","38.9803","-94.805319999999995",NA,"280 m",NA,NA,"Characterization of Native Oak Germplasm, Quercus macrocarpa and related white oaks. USDA SCA 58-8020-5-005","MOR-unmounted","x","x","x","DNA Barcoding","wild",NA,NA,NA,NA,"Quercus alba L., SPMCODE: QUE002253, collection#: KS-MG433"
"QUE002282","S048","OAK.MOR.001301","QUE002282","KS-MG462","Quercus alba L.","Kansas","KS","alba",2282,"QUE002282","KS-MG462",NA,"Quercus alba L.",NA,"Quercus","alba",42914,"Mira Garner, Craig C. Freeman, Sara Desmond","fresh, frozen","42916","USA","Kansas","Douglas","County","Breidenthal Woods/Baldwin Woods",NA,NA,"312","Quercus alba L.","38.809600000000003","-95.19265",NA,"312 m",NA,NA,"Characterization of Native Oak Germplasm, Quercus macrocarpa and related white oaks. USDA SCA 58-8020-5-005","MOR-unmounted","x","x","x","DNA Barcoding","wild",NA,NA,NA,NA,"Quercus alba L., SPMCODE: QUE002282, collection#: KS-MG462"
"QUE002283","S049","OAK.MOR.001302","QUE002283","KS-MG463","Quercus stellata Wangenh.","Kansas","KS","stellata",2283,"QUE002283","KS-MG463",NA,"Quercus stellata Wangenh.",NA,"Quercus","stellata",42914,"Mira Garner, Craig C. Freeman, Sara Desmond","fresh, frozen","42916","USA","Kansas","Douglas","County","Breidenthal Woods/Baldwin Woods",NA,NA,"312","Quercus stellata Wangenh.","38.809600000000003","-95.19265",NA,"312 m",NA,NA,"Characterization of Native Oak Germplasm, Quercus macrocarpa and related white oaks. USDA SCA 58-8020-5-005","MOR-unmounted","x","x","x","DNA Barcoding","wild",NA,NA,NA,NA,"Quercus stellata Wangenh., SPMCODE: QUE002283, collection#: KS-MG463"
"QUE002284","S050","OAK.MOR.001303","QUE002284","KS-MG464","Quercus macrocarpa Michx.","Kansas","KS","macrocarpa",2284,"QUE002284","KS-MG464",NA,"Quercus macrocarpa Michx.",NA,"Quercus","macrocarpa",42914,"Mira Garner, Craig C. Freeman, Sara Desmond","fresh, frozen","42916","USA","Kansas","Douglas","County","Breidenthal Woods/Baldwin Woods","Woods",NA,"303","Quercus macrocarpa Michx.","38.808700000000002","-95.193889999999996",NA,"303 m",NA,NA,"Characterization of Native Oak Germplasm, Quercus macrocarpa and related white oaks. USDA SCA 58-8020-5-005","MOR-unmounted","x","x","x","DNA Barcoding","wild",NA,NA,NA,NA,"Quercus macrocarpa Michx., SPMCODE: QUE002284, collection#: KS-MG464"
"QUE002285","S051","OAK.MOR.001304","QUE002285","KS-MG465","Quercus muehlenbergii Engelm.","Kansas","KS","muehlenbergii",2285,"QUE002285","KS-MG465",NA,"Quercus muehlenbergii Engelm.",NA,"Quercus","muehlenbergii",42914,"Mira Garner, Craig C. Freeman, Sara Desmond","fresh, frozen","42916","USA","Kansas","Douglas","County","Breidenthal Woods/Baldwin Woods",NA,NA,"303","Quercus muehlenbergii Engelm.","38.808700000000002","-95.193889999999996",NA,"303 m",NA,NA,"Characterization of Native Oak Germplasm, Quercus macrocarpa and related white oaks. USDA SCA 58-8020-5-005","MOR-unmounted","x","x","x","DNA Barcoding","wild",NA,NA,NA,NA,"Quercus muehlenbergii Engelm., SPMCODE: QUE002285, collection#: KS-MG465"
"QUE002295","S052","OAK.MOR.001305","QUE002295","KS-MG475","Quercus macrocarpa Michx.","Kansas","KS","macrocarpa",2295,"QUE002295","KS-MG475",NA,"Quercus macrocarpa Michx.",NA,"Quercus","macrocarpa",42915,"Mira Garner, Sara Desmond","fresh, frozen","42916","USA","Kansas","Riley","County","Konza Prairie, Manhattan, KS, Near nature trail-along King's Creek",NA,NA,"1198","Quercus macrocarpa Michx.","39.107089999999999","-96.60772",NA,"1198 ft",NA,NA,"Characterization of Native Oak Germplasm, Quercus macrocarpa and related white oaks. USDA SCA 58-8020-5-005","MOR-unmounted","x","x","x","DNA Barcoding","wild",NA,NA,NA,NA,"Quercus macrocarpa Michx., SPMCODE: QUE002295, collection#: KS-MG475"
"QUE002302","S053","OAK.MOR.001306","QUE002302","KS-MG482","Quercus macrocarpa Michx.","Kansas","KS","macrocarpa",2302,"QUE002302","KS-MG482",NA,"Quercus macrocarpa Michx.",NA,"Quercus","macrocarpa",42915,"Mira Garner, Sara Desmond","fresh, frozen","42916","USA","Kansas","Riley","County","Konza Prairie, Manhattan, KS, Along King's Creek",NA,NA,"1098","Quercus macrocarpa Michx.","39.103389999999997","-96.596159999999998",NA,"1098 ft",NA,NA,"Characterization of Native Oak Germplasm, Quercus macrocarpa and related white oaks. USDA SCA 58-8020-5-005","MOR-unmounted","x","x","x","DNA Barcoding","wild",NA,NA,NA,NA,"Quercus macrocarpa Michx., SPMCODE: QUE002302, collection#: KS-MG482"
"QUE002303","S054","OAK.MOR.001307","QUE002303","KS-MG483","Quercus muehlenbergii Engelm.","Kansas","KS","muehlenbergii",2303,"QUE002303","KS-MG483",NA,"Quercus muehlenbergii Engelm.",NA,"Quercus","muehlenbergii",42915,"Mira Garner, Sara Desmond","fresh, frozen","42916","USA","Kansas","Riley","County","Konza Prairie, Manhattan, KS","Roadside, along prairie",NA,"1125","Quercus muehlenbergii Engelm.","39.101579999999998","-96.599819999999994",NA,"1125 ft",NA,NA,"Characterization of Native Oak Germplasm, Quercus macrocarpa and related white oaks. USDA SCA 58-8020-5-005","MOR-unmounted","x","x","x","DNA Barcoding","wild",NA,NA,NA,NA,"Quercus muehlenbergii Engelm., SPMCODE: QUE002303, collection#: KS-MG483"
"QUE002304","S055","OAK.MOR.001308","QUE002304","KS-MG484","Quercus muehlenbergii Engelm.","Kansas","KS","muehlenbergii",2304,"QUE002304","KS-MG484",NA,"Quercus muehlenbergii Engelm.",NA,"Quercus","muehlenbergii",42915,"Mira Garner, Sara Desmond","fresh, frozen","42916","USA","Kansas","Riley","County","Konza Prairie, Manhattan, KS, Along nature trail",NA,NA,"1094","Quercus muehlenbergii Engelm.","39.107909999999997","-96.604690000000005",NA,"1094 ft",NA,NA,"Characterization of Native Oak Germplasm, Quercus macrocarpa and related white oaks. USDA SCA 58-8020-5-005","MOR-unmounted","x","x","x","DNA Barcoding","wild",NA,NA,NA,NA,"Quercus muehlenbergii Engelm., SPMCODE: QUE002304, collection#: KS-MG484"
"QUE002326","S056","OAK.MOR.001309","QUE002326","MI-MG663","Quercus macrocarpa Michx.","Michigan","MI","macrocarpa",2326,"QUE002326","MI-MG663",NA,"Quercus macrocarpa Michx.",NA,"Quercus","macrocarpa",42963,"Mira Garner, Kasey Pham","fresh, frozen","42965","USA","Michigan","Bay","County","Pinconning Park, Campground","Lakeshore oak  maple woods",NA,"624","Quercus macrocarpa Michx.","43.853230000000003","-83.923000000000002",NA,"624 ft",NA,NA,"Characterization of Native Oak Germplasm, Quercus macrocarpa and related white oaks. USDA SCA 58-8020-5-005","MOR-unmounted","x","x","x","DNA Barcoding, Fungal Endophytes","wild",NA,NA,NA,NA,"Quercus macrocarpa Michx., SPMCODE: QUE002326, collection#: MI-MG663"
"QUE002336","S057","OAK.MOR.001310","QUE002336","MI-MG673","Quercus macrocarpa Michx.","Michigan","MI","macrocarpa",2336,"QUE002336","MI-MG673",NA,"Quercus macrocarpa Michx.",NA,"Quercus","macrocarpa",42963,"Mira Garner, Kasey Pham","fresh, frozen","42965","USA","Michigan","Washtenaw","County","Barton Nature Area, Ann Arbor, Picnic Area","Oak hickory woods",NA,"760","Quercus macrocarpa Michx.","42.30836","-83.756709999999998",NA,"760 ft",NA,NA,"Characterization of Native Oak Germplasm, Quercus macrocarpa and related white oaks. USDA SCA 58-8020-5-005","MOR-unmounted","x","x","x","DNA Barcoding","wild",NA,NA,NA,NA,"Quercus macrocarpa Michx., SPMCODE: QUE002336, collection#: MI-MG673"
"QUE002337","S058","OAK.MOR.001311","QUE002337","MI-MG674","Quercus alba L.","Michigan","MI","alba",2337,"QUE002337","MI-MG674",NA,"Quercus alba L.",NA,"Quercus","alba",42963,"Mira Garner, Kasey Pham","fresh, frozen","42965","USA","Michigan","Washtenaw","County","Barton Nature Area, Ann Arbor, Off Trail","Oak hickory woods",NA,"824","Quercus alba L.","42.304740000000002","-83.750799999999998",NA,"824 ft",NA,NA,"Characterization of Native Oak Germplasm, Quercus macrocarpa and related white oaks. USDA SCA 58-8020-5-005","MOR-unmounted","x","x","x","DNA Barcoding","wild",NA,NA,NA,NA,"Quercus alba L., SPMCODE: QUE002337, collection#: MI-MG674"
"QUE002355","S059","OAK.MOR.001312","QUE002355","MI-MG692","Quercus alba L.","Michigan","MI","alba",2355,"QUE002355","MI-MG692",NA,"Quercus alba L.",NA,"Quercus","alba",42964,"Mira Garner, Kasey Pham","fresh, frozen","42965","USA","Michigan","Ingham","County","Lake Lansing Park, East Lansing, Picnic Area","Oak hickory woods",NA,"909","Quercus alba L.","42.766620000000003","-84.391139999999993",NA,"909 ft",NA,NA,"Characterization of Native Oak Germplasm, Quercus macrocarpa and related white oaks. USDA SCA 58-8020-5-005","MOR-unmounted","x","x","x","DNA Barcoding","wild",NA,NA,NA,NA,"Quercus alba L., SPMCODE: QUE002355, collection#: MI-MG692"
"QUE002356","S060","OAK.MOR.001313","QUE002356","MI-MG693","Quercus macrocarpa Michx.","Michigan","MI","macrocarpa",2356,"QUE002356","MI-MG693",NA,"Quercus macrocarpa Michx.",NA,"Quercus","macrocarpa",42964,"Mira Garner, Kasey Pham","fresh, frozen","42965","USA","Michigan","Ingham","County","Lake Lansing Park, East Lansing, Edge of marsh","Oak hickory woods",NA,"887","Quercus macrocarpa Michx.","42.765120000000003","-84.389020000000002",NA,"887 ft",NA,NA,"Characterization of Native Oak Germplasm, Quercus macrocarpa and related white oaks. USDA SCA 58-8020-5-005","MOR-unmounted","x","x","x","DNA Barcoding","wild",NA,NA,NA,NA,"Quercus macrocarpa Michx., SPMCODE: QUE002356, collection#: MI-MG693"
"QUE002360","S061","OAK.MOR.001314","QUE002360","MI-MG697","Quercus bicolor Willd.","Michigan","MI","bicolor",2360,"QUE002360","MI-MG697",NA,"Quercus bicolor Willd.",NA,"Quercus","bicolor",42964,"Mira Garner, Kasey Pham","fresh, frozen","42965","USA","Michigan","Ingham","County","Lake Lansing Park, East Lansing, Edge of marsh","Oak hickory woods",NA,"953","Quercus bicolor Willd.","42.795140000000004","-84.392660000000006",NA,"953 ft",NA,NA,"Characterization of Native Oak Germplasm, Quercus macrocarpa and related white oaks. USDA SCA 58-8020-5-005","MOR-unmounted","x","x","x","DNA Barcoding","wild",NA,NA,NA,NA,"Quercus bicolor Willd., SPMCODE: QUE002360, collection#: MI-MG697"
"QUE002361","S062","OAK.MOR.001315","QUE002361","MI-MG698","Quercus bicolor Willd.","Michigan","MI","bicolor",2361,"QUE002361","MI-MG698",NA,"Quercus bicolor Willd.",NA,"Quercus","bicolor",42964,"Mira Garner, Kasey Pham","fresh, frozen","42965","USA","Michigan","Ingham","County","Lake Lansing Park, East Lansing, Edge of marsh","Oak hickory woods",NA,"908","Quercus bicolor Willd.","42.765259999999998","-84.382540000000006",NA,"908 ft",NA,NA,"Characterization of Native Oak Germplasm, Quercus macrocarpa and related white oaks. USDA SCA 58-8020-5-005","MOR-unmounted","x","x","x","DNA Barcoding","wild",NA,NA,NA,NA,"Quercus bicolor Willd., SPMCODE: QUE002361, collection#: MI-MG698"
"QUE002366","S063","OAK.MOR.001316","QUE002366","WI-MG703","Quercus alba L.","Wisconsin","WI","alba",2366,"QUE002366","WI-MG703",NA,"Quercus alba L.",NA,"Quercus","alba",42969,"Mira Garner","fresh, frozen","42972","USA","Wisconsin","Iowa","County","Governor Dodge State Park, Dodgeville, Cox Hollow Campground","Upland woods","Quercus alba, Quercus macrocarpa, black oak, maple, cedar","1153","Quercus alba L.","43.016759999999998","-90.114189999999994",NA,"1153 ft",NA,NA,"Characterization of Native Oak Germplasm, Quercus macrocarpa and related white oaks. USDA SCA 58-8020-5-005","MOR-unmounted","x","x","x","Fungal Endophytes","wild",NA,NA,NA,NA,"Quercus alba L., SPMCODE: QUE002366, collection#: WI-MG703"
"QUE002367","S064","OAK.MOR.001317","QUE002367","WI-MG704","Quercus macrocarpa Michx.","Wisconsin","WI","macrocarpa",2367,"QUE002367","WI-MG704",NA,"Quercus macrocarpa Michx.",NA,"Quercus","macrocarpa",42969,"Mira Garner","fresh, frozen","42972","USA","Wisconsin","Iowa","County","Governor Dodge State Park, Dodgeville, Cox Hollow Campground","Upland woods","Quercus alba, Quercus macrocarpa, black oak, maple, cedar","1133","Quercus macrocarpa Michx.","43.016849999999998","-90.114810000000006",NA,"1133 ft",NA,NA,"Characterization of Native Oak Germplasm, Quercus macrocarpa and related white oaks. USDA SCA 58-8020-5-005","MOR-unmounted","x","x","x","Fungal Endophytes","wild",NA,NA,NA,NA,"Quercus macrocarpa Michx., SPMCODE: QUE002367, collection#: WI-MG704"
"QUE002399","S065","OAK.MOR.001318","QUE002399","WI-MG736","Quercus macrocarpa Michx.","Wisconsin","WI","macrocarpa",2399,"QUE002399","WI-MG736",NA,"Quercus macrocarpa Michx.","alba","Quercus","alba",42970,"Mira Garner, Nancy Deaton, Marlin Johnson","fresh, frozen","42972","USA","Wisconsin","Waukesha","County","University of Wisconsin - Waukesha Field Station, Ottawa",NA,NA,"920","Quercus macrocarpa Michx.","43.017060000000001","-88.435310000000001",NA,"920 ft",NA,NA,"Characterization of Native Oak Germplasm, Quercus macrocarpa and related white oaks. USDA SCA 58-8020-5-005","MOR-unmounted","x","x","x","DNA Barcoding, Fungal Endophytes","wild",NA,NA,NA,NA,"Quercus macrocarpa Michx., SPMCODE: QUE002399, collection#: WI-MG736"
"QUE002400","S066","OAK.MOR.001319","QUE002400","WI-MG737","Quercus alba L.","Wisconsin","WI","alba",2400,"QUE002400","WI-MG737",NA,"Quercus alba L.","macrocarpa","Quercus","macrocarpa",42970,"Mira Garner, Nancy Deaton, Marlin Johnson","fresh, frozen","42972","USA","Wisconsin","Waukesha","County","University of Wisconsin - Waukesha Field Station, Ottawa",NA,NA,"932","Quercus alba L.","43.016069999999999","-88.435130000000001",NA,"932 ft",NA,NA,"Characterization of Native Oak Germplasm, Quercus macrocarpa and related white oaks. USDA SCA 58-8020-5-005","MOR-unmounted","x","x","x","DNA Barcoding, Fungal Endophytes","wild",NA,NA,NA,NA,"Quercus alba L., SPMCODE: QUE002400, collection#: WI-MG737"
"QUE002424","S067","OAK.MOR.001320","QUE002424","MN-MG761","Quercus macrocarpa Michx.","Minnesota","MN","macrocarpa",2424,"QUE002424","MN-MG761",NA,"Quercus macrocarpa Michx.",NA,"Quercus","macrocarpa",42974,"Mira Garner","fresh, frozen","42977","USA","Minnesota","Le Sueur","County","Ottawa Bluffs","Oak grove in hilltop prairie","Sumac, solidago, lespedeza, Sorghastrum nutans","865","Quercus macrocarpa Michx.","44.363880000000002","-93.935429999999997",NA,"865 ft",NA,NA,"Characterization of Native Oak Germplasm, Quercus macrocarpa and related white oaks. USDA SCA 58-8020-5-005","MOR-unmounted","x","x","x","DNA Barcoding","wild",NA,NA,NA,NA,"Quercus macrocarpa Michx., SPMCODE: QUE002424, collection#: MN-MG761"
"QUE002436","S068","OAK.MOR.001321","QUE002436","MN-MG773","Quercus macrocarpa Michx.","Minnesota","MN","macrocarpa",2436,"QUE002436","MN-MG773",NA,"Quercus macrocarpa Michx.",NA,"Quercus","macrocarpa",42975,"Mira Garner","fresh, frozen","42977","USA","Minnesota","Sterns","County","Quarry Park State Natural Area, Waite Park","Oak woods",NA,"1176","Quercus macrocarpa Michx.","45.529969999999999","-94.236440000000002",NA,"1176 ft",NA,NA,"Characterization of Native Oak Germplasm, Quercus macrocarpa and related white oaks. USDA SCA 58-8020-5-005","MOR-unmounted","x","x","x","DNA Barcoding","wild",NA,NA,NA,NA,"Quercus macrocarpa Michx., SPMCODE: QUE002436, collection#: MN-MG773"
"QUE002471","S069","OAK.MOR.001322","QUE002471","OH-MG808","Quercus macrocarpa Michx.","Ohio","OH","macrocarpa",2471,"QUE002471","OH-MG808",NA,"Quercus macrocarpa Michx.",NA,"Quercus","macrocarpa",42983,"Mira Garner, Lindsey Worcester","fresh, frozen","42985","USA","Ohio","Crawford","County","Daughmer Prairie Savannah State Nature Preserve","Bur oak savanna",NA,"985","Quercus macrocarpa Michx.","40.73122","-83.093279999999993",NA,"985 ft",NA,NA,"Characterization of Native Oak Germplasm, Quercus macrocarpa and related white oaks. USDA SCA 58-8020-5-005","MOR-unmounted","x","x","x","DNA Barcoding","wild",NA,NA,NA,NA,"Quercus macrocarpa Michx., SPMCODE: QUE002471, collection#: OH-MG808"
"QUE002480","S070","OAK.MOR.001323","QUE002480","OH-MG817","Quercus macrocarpa Michx.","Ohio","OH","macrocarpa",2480,"QUE002480","OH-MG817",NA,"Quercus macrocarpa Michx.",NA,"Quercus","macrocarpa",42984,"Mira Garner, Lindsey Worcester","fresh, frozen","42985","USA","Ohio","Fulton","County","Goll Woods State Nature Preserve","Woods","Quercus macrocarpa, Quercus alba, Quercus rubra, Fagus grandifolia, Acer saccharum, Asimina triloba, Carya ovata, Hamamelis, Ulmus, Toxicodendron radicans","983","Quercus macrocarpa Michx.","41.550690000000003","-84.359690000000001",NA,"983 ft",NA,NA,"Characterization of Native Oak Germplasm, Quercus macrocarpa and related white oaks. USDA SCA 58-8020-5-005","MOR-unmounted","x","x","x","DNA Barcoding","wild",NA,NA,NA,NA,"Quercus macrocarpa Michx., SPMCODE: QUE002480, collection#: OH-MG817"
"QUE002481","S071","OAK.MOR.001324","QUE002481","OH-MG818","Quercus muehlenbergii Engelm.","Ohio","OH","muehlenbergii",2481,"QUE002481","OH-MG818",NA,"Quercus muehlenbergii Engelm.",NA,"Quercus","muehlenbergii",42984,"Mira Garner, Lindsey Worcester","fresh, frozen","42985","USA","Ohio","Fulton","County","Goll Woods State Nature Preserve","Woods","Quercus macrocarpa, Quercus alba, Quercus rubra, Fagus grandifolia, Acer saccharum, Asimina triloba, Carya ovata, Hamamelis, Ulmus, Toxicodendron radicans","765","Quercus muehlenbergii Engelm.","41.550960000000003","-84.358459999999994",NA,"765 ft",NA,NA,"Characterization of Native Oak Germplasm, Quercus macrocarpa and related white oaks. USDA SCA 58-8020-5-005","MOR-unmounted","x","x","x","DNA Barcoding","wild",NA,NA,NA,NA,"Quercus muehlenbergii Engelm., SPMCODE: QUE002481, collection#: OH-MG818"
"QUE002493","S072","OAK.MOR.001325","QUE002493","OH-MG830","Quercus alba L.","Ohio","OH","alba",2493,"QUE002493","OH-MG830",NA,"Quercus alba L.",NA,"Quercus","alba",42984,"Mira Garner, Lindsey Worcester","fresh, frozen","42985","USA","Ohio","Fulton","County","Goll Woods State Nature Preserve","Woods","Quercus macrocarpa, Quercus alba, Quercus rubra, Fagus grandifolia, Acer saccharum, Asimina triloba, Carya ovata, Hamamelis, Ulmus, Toxicodendron radicans","804","Quercus alba L.","41.552199999999999","-84.358949999999993",NA,"804 ft",NA,NA,"Characterization of Native Oak Germplasm, Quercus macrocarpa and related white oaks. USDA SCA 58-8020-5-005","MOR-unmounted","x","x","x","DNA Barcoding","wild",NA,NA,NA,NA,"Quercus alba L., SPMCODE: QUE002493, collection#: OH-MG830"
"QUE002526","S073","OAK.MOR.001326","QUE002526","IL-MG863","Quercus alba L.","Illinois","IL","alba",2526,"QUE002526","IL-MG863",NA,"Quercus alba L.",NA,"Quercus","alba",42991,"Mira Garner","fresh, frozen","42991","USA","Illinois","Lake","County","Ryerson Woods Conservation Area, Trail behind cabins",NA,NA,"665","Quercus alba L.","42.18327","-87.914259999999999",NA,"665 ft",NA,NA,"Characterization of Native Oak Germplasm, Quercus macrocarpa and related white oaks. USDA SCA 58-8020-5-005","MOR-unmounted","x","x","x","DNA Barcoding","wild",NA,NA,NA,NA,"Quercus alba L., SPMCODE: QUE002526, collection#: IL-MG863"
"QUE002527","S074","OAK.MOR.001327","QUE002527","IL-MG864","Quercus macrocarpa Michx.","Illinois","IL","macrocarpa",2527,"QUE002527","IL-MG864",NA,"Quercus macrocarpa Michx.",NA,"Quercus","macrocarpa",42991,"Mira Garner","fresh, frozen","42991","USA","Illinois","Lake","County","Ryerson Woods Conservation Area, Trail behind cabins",NA,NA,"654","Quercus macrocarpa Michx.","42.18403","-87.915940000000006",NA,"654 ft",NA,NA,"Characterization of Native Oak Germplasm, Quercus macrocarpa and related white oaks. USDA SCA 58-8020-5-005","MOR-unmounted","x","x","x","DNA Barcoding","wild",NA,NA,NA,NA,"Quercus macrocarpa Michx., SPMCODE: QUE002527, collection#: IL-MG864"
"QUE002528","S075","OAK.MOR.001328","QUE002528","IL-MG865","Quercus bicolor Willd.","Illinois","IL","bicolor",2528,"QUE002528","IL-MG865",NA,"Quercus bicolor Willd.",NA,"Quercus","bicolor",42991,"Mira Garner","fresh, frozen","42991","USA","Illinois","Lake","County","Ryerson Woods Conservation Area, Trail behind cabins",NA,NA,"657","Quercus bicolor Willd.","42.184310000000004","-87.91628",NA,"657 ft",NA,NA,"Characterization of Native Oak Germplasm, Quercus macrocarpa and related white oaks. USDA SCA 58-8020-5-005","MOR-unmounted","x","x","x","DNA Barcoding","wild",NA,NA,NA,NA,"Quercus bicolor Willd., SPMCODE: QUE002528, collection#: IL-MG865"
"QUE002535","S076","OAK.MOR.001329","QUE002535","IL-MG872","Quercus alba L.","Illinois","IL","alba",2535,"QUE002535","IL-MG872",NA,"Quercus alba L.",NA,"Quercus","alba",42992,"Mira Garner","fresh, frozen","42992","USA","Illinois","DuPage","County","Fullersburg Woods Nature Preserve",NA,NA,"645","Quercus alba L.","41.825189999999999","-87.930850000000007",NA,"645 ft",NA,NA,"Characterization of Native Oak Germplasm, Quercus macrocarpa and related white oaks. USDA SCA 58-8020-5-005","MOR-unmounted","x","x","x","DNA Barcoding","wild",NA,NA,NA,NA,"Quercus alba L., SPMCODE: QUE002535, collection#: IL-MG872"
"QUE002536","S077","OAK.MOR.001330","QUE002536","IL-MG873","Quercus macrocarpa Michx.","Illinois","IL","macrocarpa",2536,"QUE002536","IL-MG873",NA,"Quercus macrocarpa Michx.",NA,"Quercus","macrocarpa",42992,"Mira Garner","fresh, frozen","42992","USA","Illinois","DuPage","County","Fullersburg Woods Nature Preserve",NA,NA,"689","Quercus macrocarpa Michx.","41.826430000000002","-87.931139999999999",NA,"689 ft",NA,NA,"Characterization of Native Oak Germplasm, Quercus macrocarpa and related white oaks. USDA SCA 58-8020-5-005","MOR-unmounted","x","x","x","DNA Barcoding","wild",NA,NA,NA,NA,"Quercus macrocarpa Michx., SPMCODE: QUE002536, collection#: IL-MG873"
"QUE002539","S078","OAK.MOR.001331","QUE002539","IL-MG876","Quercus bicolor Willd.","Illinois","IL","bicolor",2539,"QUE002539","IL-MG876",NA,"Quercus bicolor Willd.",NA,"Quercus","bicolor",42992,"Mira Garner","fresh, frozen","42992","USA","Illinois","DuPage","County","Fullersburg Woods Nature Preserve",NA,NA,"653","Quercus bicolor Willd.","41.824449999999999","-87.933340000000001",NA,"653 ft",NA,NA,"Characterization of Native Oak Germplasm, Quercus macrocarpa and related white oaks. USDA SCA 58-8020-5-005","MOR-unmounted","x","x","x","DNA Barcoding","wild",NA,NA,NA,NA,"Quercus bicolor Willd., SPMCODE: QUE002539, collection#: IL-MG876"
"QUE002574","S079","OAK.MOR.001332","QUE002574","JCB-SD-CSP-1005","Quercus macrocarpa Michx.","South Dakota","SD","macrocarpa",97,"QUE002574","JCB-SD-CSP-1005",NA,"Quercus macrocarpa",NA,"Quercus","macrocarpa",NA,"Jeannine Cavender-Bares","fresh, frozen","42969","USA","South Dakota","Custer","County","Custer State Park driving eastward towards Hermosa on US16 Alt-W",NA,NA,NA,NA,"43.77","-103.41","AH guess; 2/4/2019",NA,NA,NA,NA,NA,NA,NA,NA,NA,NA,NA,NA,NA,NA,NA
"QUE002579","S080","OAK.MOR.001333","QUE002579","JCB-SD-US16-1010","Quercus macrocarpa Michx.","South Dakota","SD","macrocarpa",98,"QUE002579","JCB-SD-US16-1010",NA,"Quercus macrocarpa",NA,"Quercus","macrocarpa",NA,"Jeannine Cavender-Bares","fresh, frozen","42969","USA","South Dakota","Custer","County",NA,NA,NA,NA,NA,"43.77","-103.41","AH guess; 2/4/2019",NA,NA,NA,NA,NA,NA,NA,NA,NA,NA,NA,NA,NA,NA,NA
"QUE002585","S081","OAK.MOR.001334","QUE002585","JCB-SD-SPF-1016","Quercus macrocarpa Michx.","South Dakota","SD","macrocarpa",99,"QUE002585","JCB-SD-SPF-1016",NA,"Quercus macrocarpa",NA,"Quercus","macrocarpa",NA,"Jeannine Cavender-Bares","fresh, frozen","42969","USA","South Dakota","Custer","County",NA,NA,NA,NA,NA,"43.77","-103.41","AH guess; 2/4/2019",NA,NA,NA,NA,NA,NA,NA,NA,NA,NA,NA,NA,NA,NA,NA
"QUE002589","S082","OAK.MOR.001335","QUE002589","JCB-SD-SPF-1020","Quercus macrocarpa Michx.","South Dakota","SD","macrocarpa",100,"QUE002589","JCB-SD-SPF-1020",NA,"Quercus macrocarpa",NA,"Quercus","macrocarpa",NA,"Jeannine Cavender-Bares","fresh, frozen","42969","USA","South Dakota","Custer","County",NA,NA,NA,NA,NA,"43.77","-103.41","AH guess; 2/4/2019",NA,NA,NA,NA,NA,NA,NA,NA,NA,NA,NA,NA,NA,NA,NA
"QUE002363","S083","OAK.MOR.001336","QUE002363","WI-MG700","Quercus alba L.","Wisconsin","WI","alba",2363,"QUE002363","WI-MG700",NA,"Quercus alba L.",NA,"Quercus","alba",42969,"Mira Garner","fresh, frozen","42972","USA","Wisconsin","Iowa","County","Governor Dodge State Park, Dodgeville, Cox Hollow Campground","Upland woods","Quercus alba, Quercus macrocarpa, black oak, maple, cedar","1180","Quercus alba L.","43.016280000000002","-90.113290000000006",NA,"1180 ft",NA,NA,"Characterization of Native Oak Germplasm, Quercus macrocarpa and related white oaks. USDA SCA 58-8020-5-005","MOR-unmounted","x","x","x","Fungal Endophytes","wild",NA,NA,NA,NA,"Quercus alba L., SPMCODE: QUE002363, collection#: WI-MG700"
"QUE002364","S084","OAK.MOR.001337","QUE002364","WI-MG701","Quercus macrocarpa Michx.","Wisconsin","WI","macrocarpa",2364,"QUE002364","WI-MG701",NA,"Quercus macrocarpa Michx.",NA,"Quercus","macrocarpa",42969,"Mira Garner","fresh, frozen","42972","USA","Wisconsin","Iowa","County","Governor Dodge State Park, Dodgeville, Cox Hollow Campground","Upland woods","Quercus alba, Quercus macrocarpa, black oak, maple, cedar","1105","Quercus macrocarpa Michx.","43.01643","-90.114180000000005",NA,"1105 ft",NA,NA,"Characterization of Native Oak Germplasm, Quercus macrocarpa and related white oaks. USDA SCA 58-8020-5-005","MOR-unmounted","x","x","x","Fungal Endophytes","wild",NA,NA,NA,NA,"Quercus macrocarpa Michx., SPMCODE: QUE002364, collection#: WI-MG701"
"QUE002365","S085","OAK.MOR.001338","QUE002365","WI-MG702","Quercus macrocarpa Michx.","Wisconsin","WI","macrocarpa",2365,"QUE002365","WI-MG702",NA,"Quercus macrocarpa Michx.",NA,"Quercus","macrocarpa",42969,"Mira Garner","fresh, frozen","42972","USA","Wisconsin","Iowa","County","Governor Dodge State Park, Dodgeville, Cox Hollow Campground","Upland woods","Quercus alba, Quercus macrocarpa, black oak, maple, cedar","1110","Quercus macrocarpa Michx.","43.016419999999997","-90.114230000000006",NA,"1110 ft",NA,NA,"Characterization of Native Oak Germplasm, Quercus macrocarpa and related white oaks. USDA SCA 58-8020-5-005","MOR-unmounted","x","x","x","Fungal Endophytes","wild",NA,NA,NA,NA,"Quercus macrocarpa Michx., SPMCODE: QUE002365, collection#: WI-MG702"
"QUE002366.1","S086","OAK.MOR.001339","QUE002366","WI-MG703","Quercus alba L.","Wisconsin","WI","alba",2366,"QUE002366","WI-MG703",NA,"Quercus alba L.",NA,"Quercus","alba",42969,"Mira Garner","fresh, frozen","42972","USA","Wisconsin","Iowa","County","Governor Dodge State Park, Dodgeville, Cox Hollow Campground","Upland woods","Quercus alba, Quercus macrocarpa, black oak, maple, cedar","1153","Quercus alba L.","43.016759999999998","-90.114189999999994",NA,"1153 ft",NA,NA,"Characterization of Native Oak Germplasm, Quercus macrocarpa and related white oaks. USDA SCA 58-8020-5-005","MOR-unmounted","x","x","x","Fungal Endophytes","wild",NA,NA,NA,NA,"Quercus alba L., SPMCODE: QUE002366, collection#: WI-MG703"
"QUE002367.1","S087","OAK.MOR.001340","QUE002367","WI-MG704","Quercus macrocarpa Michx.","Wisconsin","WI","macrocarpa",2367,"QUE002367","WI-MG704",NA,"Quercus macrocarpa Michx.",NA,"Quercus","macrocarpa",42969,"Mira Garner","fresh, frozen","42972","USA","Wisconsin","Iowa","County","Governor Dodge State Park, Dodgeville, Cox Hollow Campground","Upland woods","Quercus alba, Quercus macrocarpa, black oak, maple, cedar","1133","Quercus macrocarpa Michx.","43.016849999999998","-90.114810000000006",NA,"1133 ft",NA,NA,"Characterization of Native Oak Germplasm, Quercus macrocarpa and related white oaks. USDA SCA 58-8020-5-005","MOR-unmounted","x","x","x","Fungal Endophytes","wild",NA,NA,NA,NA,"Quercus macrocarpa Michx., SPMCODE: QUE002367, collection#: WI-MG704"
"QUE002368","S088","OAK.MOR.001341","QUE002368","WI-MG705","Quercus macrocarpa Michx.","Wisconsin","WI","macrocarpa",2368,"QUE002368","WI-MG705",NA,"Quercus macrocarpa Michx.",NA,"Quercus","macrocarpa",42969,"Mira Garner","fresh, frozen","42972","USA","Wisconsin","Iowa","County","Governor Dodge State Park, Dodgeville, Cox Hollow Campground","Upland woods","Quercus alba, Quercus macrocarpa, black oak, maple, cedar","1172","Quercus macrocarpa Michx.","43.019930000000002","-90.115870000000001",NA,"1172 ft",NA,NA,"Characterization of Native Oak Germplasm, Quercus macrocarpa and related white oaks. USDA SCA 58-8020-5-005","MOR-unmounted","x","x","x","Fungal Endophytes","wild",NA,NA,NA,NA,"Quercus macrocarpa Michx., SPMCODE: QUE002368, collection#: WI-MG705"
"QUE002369","S089","OAK.MOR.001342","QUE002369","WI-MG706","Quercus macrocarpa Michx.","Wisconsin","WI","macrocarpa",2369,"QUE002369","WI-MG706",NA,"Quercus macrocarpa Michx.",NA,"Quercus","macrocarpa",42969,"Mira Garner","fresh, frozen","42972","USA","Wisconsin","Iowa","County","Governor Dodge State Park, Dodgeville, Cox Hollow Campground","Upland woods","Quercus alba, Quercus macrocarpa, black oak, maple, cedar","1195","Quercus macrocarpa Michx.","43.021279999999997","-90.116950000000003",NA,"1195 ft",NA,NA,"Characterization of Native Oak Germplasm, Quercus macrocarpa and related white oaks. USDA SCA 58-8020-5-005","MOR-unmounted","x","x","x","Fungal Endophytes","wild",NA,NA,NA,NA,"Quercus macrocarpa Michx., SPMCODE: QUE002369, collection#: WI-MG706"
"QUE002370","S090","OAK.MOR.001343","QUE002370","WI-MG707","Quercus alba L.","Wisconsin","WI","alba",2370,"QUE002370","WI-MG707",NA,"Quercus alba L.",NA,"Quercus","alba",42969,"Mira Garner","fresh, frozen","42972","USA","Wisconsin","Iowa","County","Governor Dodge State Park, Dodgeville, Lost Canyon Trail","Upland woods","Quercus alba, Quercus macrocarpa, black oak, maple, cedar","1201","Quercus macrocarpa Michx.","43.02158","-90.118099999999998",NA,"1201 ft",NA,NA,"Characterization of Native Oak Germplasm, Quercus macrocarpa and related white oaks. USDA SCA 58-8020-5-005","MOR-unmounted","x","x","x","Fungal Endophytes","wild",NA,NA,NA,NA,"Quercus alba L., SPMCODE: QUE002370, collection#: WI-MG707"
"QUE002371","S091","OAK.MOR.001344","QUE002371","WI-MG708","Quercus macrocarpa Michx.","Wisconsin","WI","macrocarpa",2371,"QUE002371","WI-MG708",NA,"Quercus macrocarpa Michx.",NA,"Quercus","macrocarpa",42969,"Mira Garner","fresh, frozen","42972","USA","Wisconsin","Iowa","County","Governor Dodge State Park, Dodgeville, Lost Canyon Trail","Upland woods","Quercus alba, Quercus macrocarpa, black oak, maple, cedar","1172","Quercus macrocarpa Michx.","43.02073","-90.117710000000002",NA,"1172 ft",NA,NA,"Characterization of Native Oak Germplasm, Quercus macrocarpa and related white oaks. USDA SCA 58-8020-5-005","MOR-unmounted","x","x","x","Fungal Endophytes","wild",NA,NA,NA,NA,"Quercus macrocarpa Michx., SPMCODE: QUE002371, collection#: WI-MG708"
"QUE002373","S092","OAK.MOR.001345","QUE002373","WI-MG710","Quercus macrocarpa Michx.","Wisconsin","WI","macrocarpa",2373,"QUE002373","WI-MG710",NA,"Quercus macrocarpa Michx.",NA,"Quercus","macrocarpa",42969,"Mira Garner","fresh, frozen","42972","USA","Wisconsin","Iowa","County","Governor Dodge State Park, Dodgeville, Lost Canyon Trail","Upland woods","Quercus alba, Quercus macrocarpa, black oak, maple, cedar","1158","Quercus macrocarpa Michx.","43.019300000000001","-90.116919999999993",NA,"1158 ft",NA,NA,"Characterization of Native Oak Germplasm, Quercus macrocarpa and related white oaks. USDA SCA 58-8020-5-005","MOR-unmounted","x","x","x","Fungal Endophytes","wild",NA,NA,NA,NA,"Quercus macrocarpa Michx., SPMCODE: QUE002373, collection#: WI-MG710"
"QUE002374","S093","OAK.MOR.001346","QUE002374","WI-MG711","Quercus macrocarpa Michx.","Wisconsin","WI","macrocarpa",2374,"QUE002374","WI-MG711",NA,"Quercus macrocarpa Michx.",NA,"Quercus","macrocarpa",42969,"Mira Garner","fresh, frozen","42972","USA","Wisconsin","Iowa","County","Governor Dodge State Park, Dodgeville, Lost Canyon Trail","Upland woods","Quercus alba, Quercus macrocarpa, black oak, maple, cedar","1177","Quercus macrocarpa Michx.","43.018279999999997","-90.117009999999993",NA,"1177 ft",NA,NA,"Characterization of Native Oak Germplasm, Quercus macrocarpa and related white oaks. USDA SCA 58-8020-5-005","MOR-unmounted","x","x","x","Fungal Endophytes","wild",NA,NA,NA,NA,"Quercus macrocarpa Michx., SPMCODE: QUE002374, collection#: WI-MG711"
"QUE002375","S094","OAK.MOR.001347","QUE002375","WI-MG712","Quercus alba L.","Wisconsin","WI","alba",2375,"QUE002375","WI-MG712",NA,"Quercus alba L.",NA,"Quercus","alba",42969,"Mira Garner","fresh, frozen","42972","USA","Wisconsin","Iowa","County","Governor Dodge State Park, Dodgeville, Lost Canyon Trail","Upland woods","Quercus alba, Quercus macrocarpa, black oak, maple, cedar","1104","Quercus alba L.","43.018169999999998","-90.116789999999995",NA,"1104 ft",NA,NA,"Characterization of Native Oak Germplasm, Quercus macrocarpa and related white oaks. USDA SCA 58-8020-5-005","MOR-unmounted","x","x","x","Fungal Endophytes","wild",NA,NA,NA,NA,"Quercus alba L., SPMCODE: QUE002375, collection#: WI-MG712"
